Workbook

Sheet FeeSchedule
A1: listing price | B1: shipping charge | C1: tax amount | D1: TCG Marketplace Commission | E1: paypal fee | F1: regular shipping costs (stamp, toploader, envelope) | G1: NET PWE | H1: direct regular fees | I1: direct shipping replacement cost | J1: NET DIRECT | K1: net % of sale price (regular sale) | L1: net % of sale price (TCGdirect) | M1: delta btwn programs | N1: % diff btwn programs | O1: LOOKUP KEY
A2: 1 | B2: =IF(A2<5,0.99,'tax and shipping settings'!$B$2) -> 0.99 | C2: =(A2+B2)*'tax and shipping settings'!$B$1 -> 0.166165 | D2: =MIN(50,(A2+B2)*0.1025) -> 0.203975 | E2: =(A2+B2+C2)*0.025+0.3 -> 0.35390413 | F2: 0.79 | G2: =A2+B2-D2-E2-F2 -> 0.64212087 | H2: 0 | I2: =A2/2 -> 0.5 | J2: =A2-H2-I2 -> 0.5 | K2: =G2/A2 -> 0.64212087 | L2: =J2/A2 -> 0.5 | M2: =J2-G2 -> -0.14212087 | N2: =(K2-L2) -> 0.14212087 | O2: =A2 -> 1
A3: 1.25 | B3: =IF(A3<5,0.99,'tax and shipping settings'!$B$2) -> 0.99 | C3: =(A3+B3)*'tax and shipping settings'!$B$1 -> 0.18704 | D3: =MIN(50,(A3+B3)*0.1025) -> 0.2296 | E3: =(A3+B3+C3)*0.025+0.3 -> 0.360676 | F3: 0.79 | G3: =A3+B3-D3-E3-F3 -> 0.859724 | H3: 0 | I3: =A3/2 -> 0.625 | J3: =A3-H3-I3 -> 0.625 | K3: =G3/A3 -> 0.6877792 | L3: =J3/A3 -> 0.5 | M3: =J3-G3 -> -0.234724 | N3: =(K3-L3) -> 0.1877792
A4: 1.5 | B4: =IF(A4<5,0.99,'tax and shipping settings'!$B$2) -> 0.99 | C4: =(A4+B4)*'tax and shipping settings'!$B$1 -> 0.207915 | D4: =MIN(50,(A4+B4)*0.1025) -> 0.255225 | E4: =(A4+B4+C4)*0.025+0.3 -> 0.36744787 | F4: 0.79 | G4: =A4+B4-D4-E4-F4 -> 1.0773271 | H4: 0 | I4: =A4/2 -> 0.75 | J4: =A4-H4-I4 -> 0.75 | K4: =G4/A4 -> 0.71821808 | L4: =J4/A4 -> 0.5 | M4: =J4-G4 -> -0.32732713 | N4: =(K4-L4) -> 0.21821808
A5: 1.75 | B5: =IF(A5<5,0.99,'tax and shipping settings'!$B$2) -> 0.99 | C5: =(A5+B5)*'tax and shipping settings'!$B$1 -> 0.22879 | D5: =MIN(50,(A5+B5)*0.1025) -> 0.28085 | E5: =(A5+B5+C5)*0.025+0.3 -> 0.37421975 | F5: 0.79 | G5: =A5+B5-D5-E5-F5 -> 1.2949303 | H5: 0 | I5: =A5/2 -> 0.875 | J5: =A5-H5-I5 -> 0.875 | K5: =G5/A5 -> 0.73996014 | L5: =J5/A5 -> 0.5 | M5: =J5-G5 -> -0.41993025 | N5: =(K5-L5) -> 0.23996014
A6: 2 | B6: =IF(A6<5,0.99,'tax and shipping settings'!$B$2) -> 0.99 | C6: =(A6+B6)*'tax and shipping settings'!$B$1 -> 0.249665 | D6: =MIN(50,(A6+B6)*0.1025) -> 0.306475 | E6: =(A6+B6+C6)*0.025+0.3 -> 0.38099163 | F6: 0.79 | G6: =A6+B6-D6-E6-F6 -> 1.5125334 | H6: 0 | I6: =A6/2 -> 1 | J6: =A6-H6-I6 -> 1 | K6: =G6/A6 -> 0.75626669 | L6: =J6/A6 -> 0.5 | M6: =J6-G6 -> -0.51253338 | N6: =(K6-L6) -> 0.25626669
A7: 2.25 | B7: =IF(A7<5,0.99,'tax and shipping settings'!$B$2) -> 0.99 | C7: =(A7+B7)*'tax and shipping settings'!$B$1 -> 0.27054 | D7: =MIN(50,(A7+B7)*0.1025) -> 0.3321 | E7: =(A7+B7+C7)*0.025+0.3 -> 0.3877635 | F7: 0.79 | G7: =A7+B7-D7-E7-F7 -> 1.7301365 | H7: 0 | I7: =A7/2 -> 1.125 | J7: =A7-H7-I7 -> 1.125 | K7: =G7/A7 -> 0.76894956 | L7: =J7/A7 -> 0.5 | M7: =J7-G7 -> -0.6051365 | N7: =(K7-L7) -> 0.26894956
A8: 2.5 | B8: =IF(A8<5,0.99,'tax and shipping settings'!$B$2) -> 0.99 | C8: =(A8+B8)*'tax and shipping settings'!$B$1 -> 0.291415 | D8: =MIN(50,(A8+B8)*0.1025) -> 0.357725 | E8: =(A8+B8+C8)*0.025+0.3 -> 0.39453538 | F8: 0.79 | G8: =A8+B8-D8-E8-F8 -> 1.9477396 | H8: 0 | I8: =A8/2 -> 1.25 | J8: =A8-H8-I8 -> 1.25 | K8: =G8/A8 -> 0.77909585 | L8: =J8/A8 -> 0.5 | M8: =J8-G8 -> -0.69773963 | N8: =(K8-L8) -> 0.27909585
A9: 2.68 | B9: =IF(A9<5,0.99,'tax and shipping settings'!$B$2) -> 0.99 | C9: =(A9+B9)*'tax and shipping settings'!$B$1 -> 0.306445 | D9: =MIN(50,(A9+B9)*0.1025) -> 0.376175 | E9: =(A9+B9+C9)*0.025+0.3 -> 0.39941112 | F9: 0.79 | G9: =A9+B9-D9-E9-F9 -> 2.1044139 | H9: 0 | I9: =A9/2 -> 1.34 | J9: =A9-H9-I9 -> 1.34 | K9: =G9/A9 -> 0.78522906 | L9: =J9/A9 -> 0.5 | M9: =J9-G9 -> -0.76441388 | N9: =(K9-L9) -> 0.28522906
A10: 2.99 | B10: =IF(A10<5,0.99,'tax and shipping settings'!$B$2) -> 0.99 | C10: =(A10+B10)*'tax and shipping settings'!$B$1 -> 0.33233 | D10: =MIN(50,(A10+B10)*0.1025) -> 0.40795 | E10: =(A10+B10+C10)*0.025+0.3 -> 0.40780825 | F10: 0.79 | G10: =A10+B10-D10-E10-F10 -> 2.3742418 | H10: 0 | I10: =A10/2 -> 1.495 | J10: =A10-H10-I10 -> 1.495 | K10: =G10/A10 -> 0.79406079 | L10: =J10/A10 -> 0.5 | M10: =J10-G10 -> -0.87924175 | N10: =(K10-L10) -> 0.29406079
A11: 3 | B11: =IF(A11<5,0.99,'tax and shipping settings'!$B$2) -> 0.99 | C11: =(A11+B11)*'tax and shipping settings'!$B$1 -> 0.333165 | D11: =MIN(50,(A11+B11)*0.1025) -> 0.408975 | E11: =(A11+B11+C11)*0.025+0.3 -> 0.40807912 | F11: 0.79 | G11: =A11+B11-D11-E11-F11 -> 2.3829459 | H11: =0.3 + (A11+C11)*(0.025) + A11*(0.0895) -> 0.65182912 | I11: 1.21 | J11: =A11-H11-I11 -> 1.1381709 | K11: =G11/A11 -> 0.79431529 | L11: =J11/A11 -> 0.37939029 | M11: =J11-G11 -> -1.244775 | N11: =(K11-L11) -> 0.414925
A12: 3.41 | B12: =IF(A12<5,0.99,'tax and shipping settings'!$B$2) -> 0.99 | C12: =(A12+B12)*'tax and shipping settings'!$B$1 -> 0.3674 | D12: =MIN(50,(A12+B12)*0.1025) -> 0.451 | E12: =(A12+B12+C12)*0.025+0.3 -> 0.419185 | F12: 0.79 | G12: =A12+B12-D12-E12-F12 -> 2.739815 | H12: =0.3 + (A12+C12)*(0.025) + A12*(0.0895) -> 0.69963 | I12: 1.21 | J12: =A12-H12-I12 -> 1.50037 | K12: =G12/A12 -> 0.80346481 | L12: =J12/A12 -> 0.4399912 | M12: =J12-G12 -> -1.239445 | N12: =(K12-L12) -> 0.36347361
A13: 3.5 | B13: =IF(A13<5,0.99,'tax and shipping settings'!$B$2) -> 0.99 | C13: =(A13+B13)*'tax and shipping settings'!$B$1 -> 0.374915 | D13: =MIN(50,(A13+B13)*0.1025) -> 0.460225 | E13: =(A13+B13+C13)*0.025+0.3 -> 0.42162288 | F13: 0.79 | G13: =A13+B13-D13-E13-F13 -> 2.8181521 | H13: =0.3 + (A13+C13)*(0.025) + A13*(0.0895) -> 0.71012287 | I13: 1.21 | J13: =A13-H13-I13 -> 1.5798771 | K13: =G13/A13 -> 0.80518632 | L13: =J13/A13 -> 0.45139346 | M13: =J13-G13 -> -1.238275 | N13: =(K13-L13) -> 0.35379286
A14: 4 | B14: =IF(A14<5,0.99,'tax and shipping settings'!$B$2) -> 0.99 | C14: =(A14+B14)*'tax and shipping settings'!$B$1 -> 0.416665 | D14: =MIN(50,(A14+B14)*0.1025) -> 0.511475 | E14: =(A14+B14+C14)*0.025+0.3 -> 0.43516663 | F14: 0.79 | G14: =A14+B14-D14-E14-F14 -> 3.2533584 | H14: =0.3 + (A14+C14)*(0.025) + A14*(0.0895) -> 0.76841662 | I14: 1.21 | J14: =A14-H14-I14 -> 2.0215834 | K14: =G14/A14 -> 0.81333959 | L14: =J14/A14 -> 0.50539584 | M14: =J14-G14 -> -1.231775 | N14: =(K14-L14) -> 0.30794375
A15: 4.5 | B15: =IF(A15<5,0.99,'tax and shipping settings'!$B$2) -> 0.99 | C15: =(A15+B15)*'tax and shipping settings'!$B$1 -> 0.458415 | D15: =MIN(50,(A15+B15)*0.1025) -> 0.562725 | E15: =(A15+B15+C15)*0.025+0.3 -> 0.44871037 | F15: 0.79 | G15: =A15+B15-D15-E15-F15 -> 3.6885646 | H15: =0.3 + (A15+C15)*(0.025) + A15*(0.0895) -> 0.82671037 | I15: 1.21 | J15: =A15-H15-I15 -> 2.4632896 | K15: =G15/A15 -> 0.81968103 | L15: =J15/A15 -> 0.54739769 | M15: =J15-G15 -> -1.225275 | N15: =(K15-L15) -> 0.27228333
A16: 4.75 | B16: =IF(A16<5,0.99,'tax and shipping settings'!$B$2) -> 0.99 | C16: =(A16+B16)*'tax and shipping settings'!$B$1 -> 0.47929 | D16: =MIN(50,(A16+B16)*0.1025) -> 0.58835 | E16: =(A16+B16+C16)*0.025+0.3 -> 0.45548225 | F16: 0.79 | G16: =A16+B16-D16-E16-F16 -> 3.9061677 | H16: =0.3 + (A16+C16)*(0.025) + A16*(0.0895) -> 0.85585725 | I16: 1.21 | J16: =A16-H16-I16 -> 2.6841428 | K16: =G16/A16 -> 0.82235111 | L16: =J16/A16 -> 0.56508268 | M16: =J16-G16 -> -1.222025 | N16: =(K16-L16) -> 0.25726842
A17: 5 | B17: =IF(A17<5,0.99,'tax and shipping settings'!$B$2) -> 1.27 | C17: =(A17+B17)*'tax and shipping settings'!$B$1 -> 0.523545 | D17: =MIN(50,(A17+B17)*0.1025) -> 0.642675 | E17: =(A17+B17+C17)*0.025+0.3 -> 0.46983863 | F17: 0.79 | G17: =A17+B17-D17-E17-F17 -> 4.3674864 | H17: =0.3 + (A17+C17)*(0.025) + A17*(0.0895) -> 0.88558863 | I17: 1.21 | J17: =A17-H17-I17 -> 2.9044114 | K17: =G17/A17 -> 0.87349727 | L17: =J17/A17 -> 0.58088227 | M17: =J17-G17 -> -1.463075 | N17: =(K17-L17) -> 0.292615
A18: 5.25 | B18: =IF(A18<5,0.99,'tax and shipping settings'!$B$2) -> 1.27 | C18: =(A18+B18)*'tax and shipping settings'!$B$1 -> 0.54442 | D18: =MIN(50,(A18+B18)*0.1025) -> 0.6683 | E18: =(A18+B18+C18)*0.025+0.3 -> 0.4766105 | F18: 0.79 | G18: =A18+B18-D18-E18-F18 -> 4.5850895 | H18: =0.3 + (A18+C18)*(0.025) + A18*(0.0895) -> 0.9147355 | I18: 1.21 | J18: =A18-H18-I18 -> 3.1252645 | K18: =G18/A18 -> 0.87335038 | L18: =J18/A18 -> 0.59528848 | M18: =J18-G18 -> -1.459825 | N18: =(K18-L18) -> 0.2780619
A19: 5.5 | B19: =IF(A19<5,0.99,'tax and shipping settings'!$B$2) -> 1.27 | C19: =(A19+B19)*'tax and shipping settings'!$B$1 -> 0.565295 | D19: =MIN(50,(A19+B19)*0.1025) -> 0.693925 | E19: =(A19+B19+C19)*0.025+0.3 -> 0.48338237 | F19: 0.79 | G19: =A19+B19-D19-E19-F19 -> 4.8026926 | H19: =0.3 + (A19+C19)*(0.025) + A19*(0.0895) -> 0.94388237 | I19: 1.21 | J19: =A19-H19-I19 -> 3.3461176 | K19: =G19/A19 -> 0.87321684 | L19: =J19/A19 -> 0.60838502 | M19: =J19-G19 -> -1.456575 | N19: =(K19-L19) -> 0.26483182
A20: 5.75 | B20: =IF(A20<5,0.99,'tax and shipping settings'!$B$2) -> 1.27 | C20: =(A20+B20)*'tax and shipping settings'!$B$1 -> 0.58617 | D20: =MIN(50,(A20+B20)*0.1025) -> 0.71955 | E20: =(A20+B20+C20)*0.025+0.3 -> 0.49015425 | F20: 0.79 | G20: =A20+B20-D20-E20-F20 -> 5.0202957 | H20: =0.3 + (A20+C20)*(0.025) + A20*(0.0895) -> 0.97302925 | I20: 1.21 | J20: =A20-H20-I20 -> 3.5669708 | K20: =G20/A20 -> 0.87309491 | L20: =J20/A20 -> 0.62034274 | M20: =J20-G20 -> -1.453325 | N20: =(K20-L20) -> 0.25275217
A21: 6 | B21: =IF(A21<5,0.99,'tax and shipping settings'!$B$2) -> 1.27 | C21: =(A21+B21)*'tax and shipping settings'!$B$1 -> 0.607045 | D21: =MIN(50,(A21+B21)*0.1025) -> 0.745175 | E21: =(A21+B21+C21)*0.025+0.3 -> 0.49692612 | F21: 0.79 | G21: =A21+B21-D21-E21-F21 -> 5.2378989 | H21: =0.3 + (A21+C21)*(0.025) + A21*(0.0895) -> 1.0021761 | I21: 1.21 | J21: =A21-H21-I21 -> 3.7878239 | K21: =G21/A21 -> 0.87298315 | L21: =J21/A21 -> 0.63130398 | M21: =J21-G21 -> -1.450075 | N21: =(K21-L21) -> 0.24167917
A22: 6.25 | B22: =IF(A22<5,0.99,'tax and shipping settings'!$B$2) -> 1.27 | C22: =(A22+B22)*'tax and shipping settings'!$B$1 -> 0.62792 | D22: =MIN(50,(A22+B22)*0.1025) -> 0.7708 | E22: =(A22+B22+C22)*0.025+0.3 -> 0.503698 | F22: 0.79 | G22: =A22+B22-D22-E22-F22 -> 5.455502 | H22: =0.3 + (A22+C22)*(0.025) + A22*(0.0895) -> 1.031323 | I22: 1.21 | J22: =A22-H22-I22 -> 4.008677 | K22: =G22/A22 -> 0.87288032 | L22: =J22/A22 -> 0.64138832 | M22: =J22-G22 -> -1.446825 | N22: =(K22-L22) -> 0.231492
... A179: 250 | B179: =IF(A179<5,0.99,'tax and shipping settings'!$B$2) -> 1.27 | C179: =(A179+B179)*'tax and shipping settings'!$B$1 -> 20.981045 | D179: =MIN(50,(A179+B179)*0.1025) -> 25.755175 | E179: =(A179+B179+C179)*0.025+0.3 -> 7.1062761 | F179: 7 | G179: =A179+B179-D179-E179-F179 -> 211.40855 | H179: =0.3 + (A179+C179)*(0.025) + A179*(0.0895) -> 29.449526 | I179: 8.26 | J179: =A179-H179-I179 -> 212.29047 | K179: =G179/A179 -> 0.8456342 | L179: =J179/A179 -> 0.8491619 | M179: =J179-G179 -> 0.881925 | N179: =(K179-L179) -> -0.0035277
A180: 254.11 | B180: =IF(A180<5,0.99,'tax and shipping settings'!$B$2) -> 1.27 | C180: =(A180+B180)*'tax and shipping settings'!$B$1 -> 21.32423 | D180: =MIN(50,(A180+B180)*0.1025) -> 26.17645 | E180: =(A180+B180+C180)*0.025+0.3 -> 7.2176058 | F180: 7 | G180: =A180+B180-D180-E180-F180 -> 214.98594 | H180: =0.3 + ($A180+$C180)*(0.025) + MIN(50,$A180*(0.0895)) -> 29.928701 | I180: 8.26 | J180: =A180-H180-I180 -> 215.9213 | K180: =G180/A180 -> 0.84603496 | L180: =J180/A180 -> 0.84971587 | M180: =J180-G180 -> 0.935355 | N180: =(K180-L180) -> -0.0036809059
A181: 290 | B181: =IF(A181<5,0.99,'tax and shipping settings'!$B$2) -> 1.27 | C181: =(A181+B181)*'tax and shipping settings'!$B$1 -> 24.321045 | D181: =MIN(50,(A181+B181)*0.1025) -> 29.855175 | E181: =(A181+B181+C181)*0.025+0.3 -> 8.1897761 | F181: 7 | G181: =A181+B181-D181-E181-F181 -> 246.22505 | H181: =0.3 + ($A181+$C181)*(0.025) + MIN(50,$A181*(0.0895)) -> 34.113026 | I181: 8.26 | J181: =A181-H181-I181 -> 247.62697 | K181: =G181/A181 -> 0.84905189 | L181: =J181/A181 -> 0.85388612 | M181: =J181-G181 -> 1.401925 | N181: =(K181-L181) -> -0.0048342241
A182: 440 | B182: =IF(A182<5,0.99,'tax and shipping settings'!$B$2) -> 1.27 | C182: =(A182+B182)*'tax and shipping settings'!$B$1 -> 36.846045 | D182: =MIN(50,(A182+B182)*0.1025) -> 45.230175 | E182: =(A182+B182+C182)*0.025+0.3 -> 12.252901 | F182: 7 | G182: =A182+B182-D182-E182-F182 -> 376.78692 | H182: =0.3 + ($A182+$C182)*(0.025) + MIN(50,$A182*(0.0895)) -> 51.601151 | I182: 8.26 | J182: =A182-H182-I182 -> 380.13885 | K182: =G182/A182 -> 0.85633392 | L182: =J182/A182 -> 0.86395193 | M182: =J182-G182 -> 3.351925 | N182: =(K182-L182) -> -0.0076180114
A183: 550 | B183: =IF(A183<5,0.99,'tax and shipping settings'!$B$2) -> 1.27 | C183: =(A183+B183)*'tax and shipping settings'!$B$1 -> 46.031045 | D183: =MIN(50,(A183+B183)*0.1025) -> 50 | E183: =(A183+B183+C183)*0.025+0.3 -> 15.232526 | F183: 7 | G183: =A183+B183-D183-E183-F183 -> 479.03747 | H183: =0.3 + ($A183+$C183)*(0.025) + MIN(50,$A183*(0.0895)) -> 64.425776 | I183: 8.26 | J183: =A183-H183-I183 -> 477.31422 | K183: =G183/A183 -> 0.87097723 | L183: =J183/A183 -> 0.86784404 | M183: =J183-G183 -> -1.72325 | N183: =(K183-L183) -> 0.0031331818
A184: 750 | B184: =IF(A184<5,0.99,'tax and shipping settings'!$B$2) -> 1.27 | C184: =(A184+B184)*'tax and shipping settings'!$B$1 -> 62.731045 | D184: =MIN(50,(A184+B184)*0.1025) -> 50 | E184: =(A184+B184+C184)*0.025+0.3 -> 20.650026 | F184: 7 | G184: =A184+B184-D184-E184-F184 -> 673.61997 | H184: =0.3 + ($A184+$C184)*(0.025) + MIN(50,$A184*(0.0895)) -> 70.618276 | I184: 8.26 | J184: =A184-H184-I184 -> 671.12172 | K184: =G184/A184 -> 0.89815997 | L184: =J184/A184 -> 0.89482897 | M184: =J184-G184 -> -2.49825 | N184: =(K184-L184) -> 0.003331
A185: 775 | B185: =IF(A185<5,0.99,'tax and shipping settings'!$B$2) -> 1.27 | C185: =(A185+B185)*'tax and shipping settings'!$B$1 -> 64.818545 | D185: =MIN(50,(A185+B185)*0.1025) -> 50 | E185: =(A185+B185+C185)*0.025+0.3 -> 21.327214 | F185: 7 | G185: =A185+B185-D185-E185-F185 -> 697.94279 | H185: =0.3 + ($A185+$C185)*(0.025) + MIN(50,$A185*(0.0895)) -> 71.295464 | I185: 8.26 | J185: =A185-H185-I185 -> 695.44454 | K185: =G185/A185 -> 0.90057134 | L185: =J185/A185 -> 0.89734779 | M185: =J185-G185 -> -2.49825 | N185: =(K185-L185) -> 0.0032235484
A186: 800 | B186: =IF(A186<5,0.99,'tax and shipping settings'!$B$2) -> 1.27 | C186: =(A186+B186)*'tax and shipping settings'!$B$1 -> 66.906045 | D186: =MIN(50,(A186+B186)*0.1025) -> 50 | E186: =(A186+B186+C186)*0.025+0.3 -> 22.004401 | F186: 7 | G186: =A186+B186-D186-E186-F186 -> 722.2656 | H186: =0.3 + ($A186+$C186)*(0.025) + MIN(50,$A186*(0.0895)) -> 71.972651 | I186: 8.26 | J186: =A186-H186-I186 -> 719.76735 | K186: =G186/A186 -> 0.902832 | L186: =J186/A186 -> 0.89970919 | M186: =J186-G186 -> -2.49825 | N186: =(K186-L186) -> 0.0031228125
A187: 825 | B187: =IF(A187<5,0.99,'tax and shipping settings'!$B$2) -> 1.27 | C187: =(A187+B187)*'tax and shipping settings'!$B$1 -> 68.993545 | D187: =MIN(50,(A187+B187)*0.1025) -> 50 | E187: =(A187+B187+C187)*0.025+0.3 -> 22.681589 | F187: 7 | G187: =A187+B187-D187-E187-F187 -> 746.58841 | H187: =0.3 + ($A187+$C187)*(0.025) + MIN(50,$A187*(0.0895)) -> 72.649839 | I187: 8.26 | J187: =A187-H187-I187 -> 744.09016 | K187: =G187/A187 -> 0.90495565 | L187: =J187/A187 -> 0.90192747 | M187: =J187-G187 -> -2.49825 | N187: =(K187-L187) -> 0.0030281818
A188: 850 | B188: =IF(A188<5,0.99,'tax and shipping settings'!$B$2) -> 1.27 | C188: =(A188+B188)*'tax and shipping settings'!$B$1 -> 71.081045 | D188: =MIN(50,(A188+B188)*0.1025) -> 50 | E188: =(A188+B188+C188)*0.025+0.3 -> 23.358776 | F188: 7 | G188: =A188+B188-D188-E188-F188 -> 770.91122 | H188: =0.3 + ($A188+$C188)*(0.025) + MIN(50,$A188*(0.0895)) -> 73.327026 | I188: 8.26 | J188: =A188-H188-I188 -> 768.41297 | K188: =G188/A188 -> 0.90695438 | L188: =J188/A188 -> 0.90401526 | M188: =J188-G188 -> -2.49825 | N188: =(K188-L188) -> 0.0029391176
A189: 875 | B189: =IF(A189<5,0.99,'tax and shipping settings'!$B$2) -> 1.27 | C189: =(A189+B189)*'tax and shipping settings'!$B$1 -> 73.168545 | D189: =MIN(50,(A189+B189)*0.1025) -> 50 | E189: =(A189+B189+C189)*0.025+0.3 -> 24.035964 | F189: 7 | G189: =A189+B189-D189-E189-F189 -> 795.23404 | H189: =0.3 + ($A189+$C189)*(0.025) + MIN(50,$A189*(0.0895)) -> 74.004214 | I189: 8.26 | J189: =A189-H189-I189 -> 792.73579 | K189: =G189/A189 -> 0.9088389 | L189: =J189/A189 -> 0.90598376 | M189: =J189-G189 -> -2.49825 | N189: =(K189-L189) -> 0.0028551429
A190: 900 | B190: =IF(A190<5,0.99,'tax and shipping settings'!$B$2) -> 1.27 | C190: =(A190+B190)*'tax and shipping settings'!$B$1 -> 75.256045 | D190: =MIN(50,(A190+B190)*0.1025) -> 50 | E190: =(A190+B190+C190)*0.025+0.3 -> 24.713151 | F190: 7 | G190: =A190+B190-D190-E190-F190 -> 819.55685 | H190: =0.3 + ($A190+$C190)*(0.025) + MIN(50,$A190*(0.0895)) -> 74.681401 | I190: 8.26 | J190: =A190-H190-I190 -> 817.0586 | K190: =G190/A190 -> 0.91061872 | L190: =J190/A190 -> 0.90784289 | M190: =J190-G190 -> -2.49825 | N190: =(K190-L190) -> 0.0027758333
A191: 925 | B191: =IF(A191<5,0.99,'tax and shipping settings'!$B$2) -> 1.27 | C191: =(A191+B191)*'tax and shipping settings'!$B$1 -> 77.343545 | D191: =MIN(50,(A191+B191)*0.1025) -> 50 | E191: =(A191+B191+C191)*0.025+0.3 -> 25.390339 | F191: 7 | G191: =A191+B191-D191-E191-F191 -> 843.87966 | H191: =0.3 + ($A191+$C191)*(0.025) + MIN(50,$A191*(0.0895)) -> 75.358589 | I191: 8.26 | J191: =A191-H191-I191 -> 841.38141 | K191: =G191/A191 -> 0.91230234 | L191: =J191/A191 -> 0.90960153 | M191: =J191-G191 -> -2.49825 | N191: =(K191-L191) -> 0.0027008108
... A194: 1000 | B194: =IF(A194<5,0.99,'tax and shipping settings'!$B$2) -> 1.27 | C194: =(A194+B194)*'tax and shipping settings'!$B$1 -> 83.606045 | D194: =MIN(50,(A194+B194)*0.1025) -> 50 | E194: =(A194+B194+C194)*0.025+0.3 -> 27.421901 | F194: 7 | G194: =A194+B194-D194-E194-F194 -> 916.8481 | H194: =0.3 + ($A194+$C194)*(0.025) + MIN(50,$A194*(0.0895)) -> 77.390151 | I194: 8.26 | J194: =A194-H194-I194 -> 914.34985 | K194: =G194/A194 -> 0.9168481 | L194: =J194/A194 -> 0.91434985 | M194: =J194-G194 -> -2.49825 | N194: =(K194-L194) -> 0.00249825

Sheet tax and shipping settings
A1: tax rate: | B1: 0.0835 | D1: download a personal copy of this sheet to adjust these to your own settings
A2: shipping charge: | B2: 1.27
